instID,church_type,instName,language,instNote,placeName,region,county_orig,county_reg,city_orig,city_reg,state_orig,state_reg,latitude,longitude,attendingInstID,attendingChurch,attendingChurchFrequency,persID,persTitle,persName,persSuffix,persRole,persNote,memberType,member,affiliated,order,year,Unnamed: 30,Unnamed: 31,attendingPersID,attendingChurchNote,diocese,diocese_reg
﻿nyc.ny.0041,﻿cathedral,﻿Cathedral of St. Patrick,English,,,,,﻿New York County,﻿New York,﻿New York City,﻿NY,﻿NY,40.75845643,-73.97618573,,,,﻿joh_dubois_901,﻿Right. Rev.,﻿John Dubois,﻿D. D.,,,,,,,1840,﻿https://saintpatrickscathedral.org/historical-timeline,,﻿,﻿,﻿New York,NewYorkCity
﻿nyc.ny.0041,﻿cathedral,﻿Cathedral of St. Patrick,English,,,,,﻿New York County,﻿New York,﻿New York City,﻿NY,,40.75845643,-73.97618573,,,,﻿joh_hughes_901,﻿Right Rev.,﻿John Hughes,﻿D. D.,﻿Coadjutor and Administrator,,,,,,1840,,,﻿,﻿,﻿New York,NewYorkCity
﻿nyc.ny.0041,﻿cathedral,﻿Cathedral of St. Patrick,English,,,,,﻿New York County,﻿New York,﻿New York City,﻿NY,,40.75845643,-73.97618573,,,,﻿joh_d_urqhuart_901,﻿Rev.,﻿John D. Urqhuart,,,,,,,,1840,,,﻿,﻿,﻿New York,NewYorkCity
﻿nyc.ny.0041,﻿cathedral,﻿Cathedral of St. Patrick,English,,,,,﻿New York County,﻿New York,﻿New York City,﻿NY,,40.75845643,-73.97618573,,,,﻿wil_starr_001,﻿Rev.,﻿William Starrs,,,,,,,,1840,,,﻿,﻿,﻿New York,NewYorkCity
﻿nyc.ny.0041,﻿cathedral,﻿Cathedral of St. Patrick,English,,,,,﻿New York County,﻿New York,﻿New York City,﻿NY,,40.75845643,-73.97618573,,,,﻿joh_conroy_901,﻿Rev.,﻿John Conroy,,,,,,,,1840,,,﻿,﻿,﻿New York,NewYorkCity
﻿nyc.ny.0042,﻿church,﻿St. Peter's,English,,,,,﻿New York County,﻿New York,﻿New York City,﻿NY,﻿NY,40.71243157,-74.00954445,,,,﻿joh_power_901,﻿Very Rev.,﻿John Power,﻿D. D.,,,,,,,1840,﻿https://spcolr.org/st-peters-church-history,,﻿,﻿,﻿New York,NewYorkCity
﻿nyc.ny.0042,﻿church,﻿St. Peter's,English,,,,,﻿New York County,﻿New York,﻿New York City,﻿NY,,40.71243157,-74.00954445,,,,﻿c_c_pise_001,﻿Rev.,﻿Charles C. Pise,﻿D. D.,,,,,,,1840,,,﻿,﻿,﻿New York,NewYorkCity
﻿nyc.ny.0042,﻿church,﻿St. Peter's,English,,,,,﻿New York County,﻿New York,﻿New York City,﻿NY,,40.71243157,-74.00954445,,,,﻿j_t_andrade_901,﻿Rev.,﻿J. T. Andrade,,,,,,,,1840,,,﻿,﻿,﻿New York,NewYorkCity
﻿nyc.ny.0043,﻿church,﻿St. Mary's,English,,,,,﻿New York County,﻿New York,﻿New York City,﻿NY,﻿NY,40.71581796,-73.98511226,,,,﻿wil_j_quarters_001,﻿Rev.,﻿William Quarter,,,,,,,,1840,"﻿https://en.wikipedia.org/wiki/St._Mary_Church_(Grand_Street,_Manhattan)",,﻿,﻿,﻿New York,NewYorkCity
﻿nyc.ny.0043,﻿church,﻿St. Mary's,English,,,,,﻿New York County,﻿New York,﻿New York City,﻿NY,,40.71581796,-73.98511226,,,,﻿wal_j_quarter_901,﻿Rev.,﻿Walter J. Quarter,,,,,,,,1840,,,﻿,﻿,﻿New York,NewYorkCity
﻿nyc.ny.0043,﻿church,﻿St. Mary's,English,,,,,﻿New York County,﻿New York,﻿New York City,﻿NY,,40.71581796,-73.98511226,,,,﻿dom_teixcheira_001,﻿Rev.,﻿Dominick Teixchira,,,,,,,,1840,,,﻿,﻿,﻿New York,NewYorkCity
﻿nyc.ny.0044,﻿church,﻿St. James',English,,,,,﻿New York County,﻿New York,,﻿NY,,,,,,,﻿and_byrne_001,﻿Rev.,﻿Andrew Byrne,,,,,,,,1840,,,﻿,﻿,﻿New York,NewYorkCity
﻿nyc.ny.0044,﻿church,﻿St. James',English,,,,,﻿New York County,﻿New York,,﻿NY,,,,,,,﻿joh_maginnis_902,﻿Rev.,﻿John Maginnis,,,,,,,,1840,,,﻿,﻿,﻿New York,NewYorkCity
﻿nyc.ny.0044,﻿church,﻿St. James',English,,,,,﻿New York County,﻿New York,,﻿NY,,,,,,,﻿terhykowich_901,﻿Rev. Mr.,﻿Terhykowich,,,,,,,,1840,,,﻿,﻿,﻿New York,NewYorkCity
﻿nyc.ny.0052,﻿church,﻿St. Joseph's,English,,,,,﻿New York County,﻿New York,,﻿NY,﻿NY,40.7324967,-74.000619,,,,﻿joh_mccloskey_002,﻿Rev.,﻿John McCloskey,,,,,,,,1840,,,﻿,﻿,﻿New York,NewYorkCity
﻿nyc.ny.0052,﻿church,﻿St. Joseph's,English,,,,,﻿New York County,﻿New York,,﻿NY,,40.7324967,-74.000619,,,,﻿ber_carraher_901,﻿Rev.,﻿Bernard Carraher,,,,,,,,1840,,,﻿,﻿,﻿New York,NewYorkCity
﻿nyc.ny.0046,﻿church,﻿Transfiguration,English,,,,,﻿New York County,﻿New York,,﻿NY,,,,,,,﻿fel_varela_901,﻿Very Rev.,﻿Felix Varela,,,,,,,,1840,,,﻿,﻿,﻿New York,NewYorkCity
﻿nyc.ny.0046,﻿church,﻿Transfiguration,English,,,,,﻿New York County,﻿New York,,﻿NY,,,,,,,﻿joh_freitas_901,﻿Rev.,﻿John Freitas,,,,,,,,1840,,,﻿,﻿,﻿New York,NewYorkCity
﻿nyc.ny.9004,﻿church,﻿St. Nicholas,English,﻿German,,,,﻿New York County,﻿New York,,﻿NY,,,,,,,﻿joh_raffeiner_901,﻿Rev.,﻿John Raffeiner,,,,,,,,1840,,,﻿,﻿,﻿New York,NewYorkCity
﻿nyc.ny.9004,﻿church,﻿St. Nicholas,English,﻿German,,,,﻿New York County,﻿New York,,﻿NY,,,,,,,﻿nic_balleis_901,﻿Rev.,﻿N. Balleis,,,,,,,,1840,,,﻿,﻿,﻿New York,NewYorkCity
﻿bro.ny.0001,﻿church,﻿St. James',English,,,,,﻿Kings County,﻿Brooklyn,﻿Brooklyn,﻿NY,﻿NY,40.697056,-73.986667,,,,﻿joh_walsh_901,﻿Rev.,﻿John Walsh,,,,,,,,1840,﻿https://en.wikipedia.org/wiki/Cathedral_Basilica_of_St._James_(Brooklyn) ; https://brooklyncathedral.org/history,,﻿,﻿,﻿New York,NewYorkCity
﻿bro.ny.0001,﻿church,﻿St. James',English,,,,,﻿Kings County,﻿Brooklyn,﻿Brooklyn,﻿NY,,40.697056,-73.986667,,,,﻿pat_danaher_901,﻿Rev.,﻿Patrick Danaher,,,,,,,,1840,,,﻿,﻿,﻿New York,NewYorkCity
﻿bro.ny.0002,﻿church,﻿St. Paul's,English,,,,,,﻿Brooklyn,﻿Brooklyn,﻿NY,﻿NY,,,,,,﻿nic_odonnell_901,﻿Rev.,﻿Nicholas O'Donnell,,,,,,,,1840,,,﻿,﻿,﻿New York,NewYorkCity
﻿bro.ny.0002,﻿church,﻿St. Paul's,English,,,,,,﻿Brooklyn,﻿Brooklyn,﻿NY,,,,,,,﻿jam_odonnell_901,﻿Rev.,﻿James O'Donnell,,,,,,,,1840,,,﻿,﻿,﻿New York,NewYorkCity
﻿alb.ny.0003,﻿church,﻿St. Mary's,English,,,,,﻿Albany County,﻿Albany,﻿Albany,﻿NY,﻿NY,42.65181929,-73.75279367,,,,﻿jos_schneller_901,﻿Rev.,﻿Joseph Schneller,,,,,,,,1840,"﻿https://www.hist-stmarys.org/history ; very likely this church. While the cathedral is more prominent, this historic church predates all the rest in the city, and it stands to reason that, based on that fact, the St. Mary's that we see in later years refers to this church.",,﻿,﻿,﻿New York,NewYorkCity
﻿alb.ny.0003,﻿church,﻿St. Mary's,English,,,,,﻿Albany County,﻿Albany,﻿Albany,﻿NY,,42.65181929,-73.75279367,,,,﻿pat_bradley_901,﻿Rev.,﻿Patrick Bradley,,,,,,,,1840,,,﻿,﻿,﻿New York,NewYorkCity
﻿alb.ny.0003,﻿church,﻿St. John's,English,,,,,﻿Albany County,﻿Albany,﻿Albany,﻿NY,,42.65181929,-73.75279367,,,,﻿joh_kelly_901,﻿Rev.,﻿John Kelly,,,,,,,,1840,,,﻿,﻿,﻿New York,NewYorkCity
﻿nyc.ny.9005,﻿church,﻿St. Paul's,English,﻿Not dedicated,,,,,﻿Harlem,,﻿NY,,,,,,,﻿mic_curran_001,﻿Rev.,﻿Michael Curran,,,,,,,,1840,,,﻿,﻿,﻿New York,NewYorkCity
﻿nyc.ny.9005,﻿church,﻿St. Paul's,English,﻿Not dedicated,,,,,﻿Harlem,,﻿NY,,,,,,,﻿phi_gillick_001,﻿Rev.,﻿Philip Gillick,,,,,,,,1840,,,﻿,﻿,﻿New York,NewYorkCity
﻿nyc.ny.9005,﻿chapel,﻿Chapel of St. Ignatius,English,﻿Not dedicated,,,,,﻿Asylum,,﻿NY,,,,,,,﻿mic_curran_001,﻿Rev.,﻿Michael Curran,,,,,,,,1840,,,﻿,﻿,﻿New York,NewYorkCity
﻿nyc.ny.9005,﻿chapel,﻿Chapel of St. Ignatius,English,﻿Not dedicated,,,,,﻿Asylum,,﻿NY,,,,,,,﻿phi_gillick_001,﻿Rev.,﻿Philip Gillick,,,,,,,,1840,,,﻿,﻿,﻿New York,NewYorkCity
﻿nyc.ny.9005,﻿church,﻿Chapel of St. Ignatius,English,﻿Not dedicated,﻿Throg's Point,,,,﻿Asylum,,﻿NY,,,,,,﻿2d Sun. in month,﻿mic_curran_001,﻿Rev.,﻿Michael Curran,,,,,,,,1840,,,﻿,﻿,﻿New York,NewYorkCity
﻿nyc.ny.9005,﻿church,﻿Chapel of St. Ignatius,English,﻿Not dedicated,﻿Throg's Point,,,,﻿Asylum,,﻿NY,,,,,,,﻿phi_gillick_001,﻿Rev.,﻿Philip Gillick,,,,,,,,1840,,,﻿,﻿,﻿New York,NewYorkCity
﻿nyc.ny.9005,﻿church,﻿Chapel of St. Ignatius,English,﻿Not dedicated,﻿Saw Pit,,,,﻿Asylum,,﻿NY,,,,,,﻿occasionally,﻿mic_curran_001,﻿Rev.,﻿Michael Curran,,,,,,,,1840,,,﻿,﻿,﻿New York,NewYorkCity
﻿nyc.ny.9005,﻿church,﻿Chapel of St. Ignatius,English,﻿Not dedicated,﻿Saw Pit,,,,﻿Asylum,,﻿NY,,,,,,,﻿phi_gillick_001,﻿Rev.,﻿Philip Gillick,,,,,,,,1840,,,﻿,﻿,﻿New York,NewYorkCity
﻿alb.ny.9001,﻿church,﻿St. Peter's,English,,,,,,﻿Troy,,﻿NY,,,,,,,﻿joh_shanahan_901,﻿Rev.,﻿John Shanahan,,,,,,,,1840,﻿Hard to identify which one - there are too many in Troy in later years,,﻿,﻿,﻿New York,NewYorkCity
﻿alb.ny.9001,﻿church,﻿St. Peter's,English,,,,,,﻿Troy,,﻿NY,,,,,,,﻿jam_quinn_901,﻿Rev.,﻿James Quinn,,,,,,,,1840,,,﻿,﻿,﻿New York,NewYorkCity
﻿alb.ny.9001,﻿church,﻿St. Peter's,English,﻿church unfinished,,,,,﻿West Troy,,﻿NY,,,,﻿alb.ny.9001,﻿attended from Troy,,,,,,,,,,,,1840,,,﻿,﻿,﻿New York,NewYorkCity
﻿alb.ny.0244,﻿church,not recorded,English,﻿church unfinished,,,,,﻿Sandy Hill,,﻿NY,,43.300628,-73.585949,﻿alb.ny.9001,﻿attended from Troy,,,,,,,,,,,,1840,,,﻿,﻿,﻿New York,NewYorkCity
﻿alb.ny.0284,﻿church,not recorded,English,,,,,﻿Rensselaer County,﻿Lansingburg,﻿Troy,﻿NY,﻿NY,42.781542,-73.664114,﻿alb.ny.9001,﻿attended from Troy,﻿once a month,,,,,,﻿dw. at Troy,,,,,1840,,,﻿,﻿,﻿New York,NewYorkCity
﻿alb.ny.0303,﻿church,not recorded,English,,,,,,﻿Waterford,,﻿NY,,,,﻿alb.ny.9001,﻿attended from Troy,﻿once a month,,,,,,,,,,,1840,,,﻿,﻿,﻿New York,NewYorkCity
﻿alb.ny.0303,﻿church,not recorded,English,,,,,,﻿North Greenville,,﻿NY,,,,,,﻿occasionally,﻿jam_quinn_901,﻿Rev.,﻿James Quinn,,,,,,,,1840,,,﻿,﻿,﻿New York,NewYorkCity
﻿alb.ny.0183,﻿church,not recorded,English,,,,,,﻿Minerva,,﻿NY,,,,,,﻿occasionally,﻿jam_quinn_901,﻿Rev.,﻿James Quinn,,,,,,,,1840,,,﻿,﻿,﻿New York,NewYorkCity
﻿alb.ny.0044,﻿church,not recorded,English,,,,,,﻿Buskirkbridge,,﻿NY,,,,,,﻿occasionally,﻿jam_quinn_901,﻿Rev.,﻿James Quinn,,,,,,,,1840,,,﻿,﻿,﻿New York,NewYorkCity
﻿alb.ny.0182,﻿church,not recorded,English,,,,,,﻿Mechanicsville,,﻿NY,,,,,,﻿occasionally,﻿jam_quinn_901,﻿Rev.,﻿James Quinn,,,,,,,,1840,,,﻿,﻿,﻿New York,NewYorkCity
﻿alb.ny.0143,﻿church,not recorded,English,,,,,,﻿Hoosicksfalls,,﻿NY,,,,,,﻿occasionally,﻿jam_quinn_901,﻿Rev.,﻿James Quinn,,,,,,,,1840,,,﻿,﻿,﻿New York,NewYorkCity
﻿alb.ny.0143,﻿church,not recorded,English,,,,,,﻿Shahaticoque,,﻿NY,,,,,,﻿occasionally,﻿jam_quinn_901,﻿Rev.,﻿James Quinn,,,,,,,,1840,,,﻿,﻿,﻿New York,NewYorkCity
﻿alb.ny.0295,﻿church,﻿St. John's,English,,,,,,﻿Utica,,﻿NY,,,,,,﻿every Sunday,﻿fra_farrell_902,﻿Rev.,﻿Francis Farrell,,,,,,,,1840,,,﻿,﻿,﻿New York,NewYorkCity
﻿alb.ny.0095,﻿church,not recorded,English,﻿not dedicated,,,,,﻿Deerfield,,﻿NY,,,,,,﻿occasionally,﻿fra_farrell_902,﻿Rev.,﻿Francis Farrell,,,,,,,,1840,,,﻿,﻿,﻿New York,NewYorkCity
﻿alb.ny.0166,﻿church,not recorded,English,﻿not dedicated,,,,,﻿Littlefalls,,﻿NY,,,,,,﻿occasionally,﻿fra_farrell_902,﻿Rev.,﻿Francis Farrell,,,,,,,,1840,,,﻿,﻿,﻿New York,NewYorkCity
﻿alb.ny.0166,﻿chapel,not recorded,English,﻿not dedicated,,,,,﻿Newport,,﻿NY,,,,,,﻿occasionally,﻿fra_farrell_902,﻿Rev.,﻿Francis Farrell,,,,,,,,1840,,,﻿,﻿,﻿New York,NewYorkCity
﻿alb.ny.0039,﻿church,not recorded,English,﻿not dedicated,,,,,﻿Binghampton,,﻿NY,,,,,,﻿occasionally,﻿fra_farrell_902,﻿Rev.,﻿Francis Farrell,,,,,,,,1840,,,﻿,﻿,﻿New York,NewYorkCity
﻿roc.ny.0001,﻿church,﻿St. Patrick's,English,,,,,,﻿Rochester,,﻿NY,,,,,,,﻿ber_oreilly_901,﻿Rev.,﻿Bernard O'Reilly,,,,,,,,1840,,,﻿,﻿,﻿New York,NewYorkCity
﻿roc.ny.0001,﻿church,﻿St. Patrick's,English,,,,,,﻿Rochester,,﻿NY,,,,,,,﻿wil_quinn_001,﻿Rev.,﻿Wm. Quinn,,,,,,,,1840,,,﻿,﻿,﻿New York,NewYorkCity
﻿roc.ny.0002,﻿church,﻿St. Joseph's,﻿German,,,,,,﻿Rochester,,﻿NY,,,,,,,﻿sim_sanderle_901,﻿Rev.,﻿Simon Sanderle,,,,,,,,1840,,,﻿,﻿,﻿New York,NewYorkCity
﻿roc.ny.0014,﻿church,not recorded,English,﻿not dedicated,,,,﻿Monroe County,﻿Greece,﻿Greece,﻿NY,﻿NY,43.25270989,-77.65895257,﻿roc.ny.0001,﻿attended from Rochester,,,,,,,,,,,,1840,,,﻿,﻿,﻿New York,NewYorkCity
﻿buf.ny.0006,﻿church,﻿St. Louis,English,﻿German and English,,,,﻿Erie County,﻿Buffaloe,﻿Buffalo,﻿NY,﻿NY,42.895428,-78.871729,,,,﻿geo_pax_001,﻿Rev.,﻿Alexander Pax,,,,,,,,1840,"﻿https://en.wikipedia.org/wiki/St._Louis_Roman_Catholic_Church#:~:text=Saint%20Louis%20Roman%20Catholic%20Church,Roman%20Catholic%20Diocese%20of%20Buffalo%22. ; while St. Joseph's is more notable, and is the main church in the later almanac years of the 1860s/1870s, it appears that this is the only surviving pre-1833 church in the city. For that reason, I am going with this church as opposed to the one that appears first in the diocese later on.",,﻿,﻿,﻿New York,NewYorkCity
﻿buf.ny.0006,﻿church,﻿St. Louis,English,﻿German and English,,,,﻿Erie County,﻿Buffaloe,﻿Buffalo,﻿NY,,42.895428,-78.871729,,,,﻿cha_smith_901,﻿Rev.,﻿Charles Smith,,,,,,,,1840,,,﻿,﻿,﻿New York,NewYorkCity
﻿alb.ny.9005,﻿church,not recorded,English,﻿Church not dedicated,,,,,﻿Oswego,,﻿NY,,,,,,,﻿joh_rogers_901,﻿Rev.,﻿John Rogers,,,,,,,,1840,,,﻿,﻿,﻿New York,NewYorkCity
﻿alb.ny.9003,﻿church,not recorded,English,﻿Church not dedicated,,,,,﻿Auburn,,﻿NY,,,,,,,﻿wm_grace_902,﻿Rev.,﻿Wm. Grace,,,,,,,,1840,,,﻿,﻿,﻿New York,NewYorkCity
﻿alb.ny.9004,﻿church,not recorded,English,﻿Church not dedicated,,,,,﻿Geneva,,﻿NY,,,,,,,﻿wm_grace_902,﻿Rev.,﻿Wm. Grace,,,,,,,,1840,,,﻿,﻿,﻿New York,NewYorkCity
﻿buf.ny.0053,﻿church,not recorded,English,,,,,,﻿Eden,,﻿NY,,42.64620914,-78.89913455,,,,﻿nic_mertz_901,﻿Rev.,﻿Nicholas Mertz,,,,,,,,1840,,,﻿,﻿,﻿New York,NewYorkCity
﻿alb.ny.0059,﻿church,﻿St. James',English,,,,,﻿Jefferson County,﻿Carthage,﻿Carthage,﻿NY,﻿NY,43.97826491,-75.60778008,,,,﻿mic_gilbride_901,﻿Rev. Mr.,﻿Gilbride,,,,,,,,1840,﻿http://www.catholicsofcarthagecopenhagen.org/,,﻿,﻿,﻿New York,NewYorkCity
﻿alb.ny.0059,﻿church,﻿St. James',English,,,,,﻿Jefferson County,﻿Brownville,﻿Carthage,﻿NY,,43.97826491,-75.60778008,,,﻿occasionally,﻿mic_gilbride_901,﻿Rev. Mr.,﻿Gilbride,,,,,,,,1840,,,﻿,﻿,﻿New York,NewYorkCity
﻿alb.ny.0142,﻿church,﻿St. Patrick's,English,,,,,,﻿Hogansburg,,﻿NY,,,,,,﻿three Sundays,﻿joh_mcnulty_901,﻿Rev.,﻿John McNulty,,,,,,,,1840,,,﻿,﻿,﻿New York,NewYorkCity
﻿alb.ny.0142,﻿church,﻿St. Mary's,English,﻿Not dedicated,,,,,﻿Fort Covington,,﻿NY,,,,,,﻿occasionally,﻿joh_mcnulty_901,﻿Rev.,﻿John McNulty,,,,,,,,1840,,,﻿,﻿,﻿New York,NewYorkCity
﻿alb.ny.0173,﻿church,﻿St. Joseph's,English,﻿Not dedicated,,,,,﻿Malone,,﻿NY,,,,,,﻿occasionally,﻿joh_mcnulty_901,﻿Rev.,﻿John McNulty,,,,,,,,1840,,,﻿,﻿,﻿New York,NewYorkCity
﻿alb.ny.0173,﻿church,﻿St. Peter's,English,﻿Not dedicated,,,,,﻿Messina,,﻿NY,,,,,,﻿occasionally,﻿joh_mcnulty_901,﻿Rev.,﻿John McNulty,,,,,,,,1840,,,﻿,﻿,﻿New York,NewYorkCity
﻿buf.ny.0116,﻿church,not recorded,English,﻿Church not dedicated,,,,,﻿Java,,﻿NY,,,,,,﻿once a month,﻿cha_smith_901,﻿Rev.,﻿Charles Smith,,,,,,,,1840,,,﻿,﻿,﻿New York,NewYorkCity
﻿alb.ny.9007,﻿church,not recorded,English,﻿Church not dedicated,,,,,﻿China,,﻿NY,,,,,,﻿once a month,﻿cha_smith_901,﻿Rev.,﻿Charles Smith,,,,,,,,1840,,,﻿,﻿,﻿New York,NewYorkCity
﻿nyc.ny.0161,﻿chapel,not recorded,English,﻿church unfinished,,,,,﻿Newburg,,﻿NY,,41.50117266,-74.00982805,,,,﻿pat_duffy_901,﻿Rev.,﻿Patrick Duffy,,,,,,,,1840,,,﻿,﻿,﻿New York,NewYorkCity
﻿nyc.ny.0123,﻿church,﻿St. Mary's,English,,,,,,﻿Cold Spring,,﻿NY,,,,,,,﻿pat_duffy_901,﻿Rev.,﻿Patrick Duffy,,,,,,,,1840,,,﻿,﻿,﻿New York,NewYorkCity
﻿nyc.ny.0199,﻿chapel,not recorded,English,,,,,,﻿West Point,,﻿NY,,41.3914827,-73.9559721,,,,﻿pat_duffy_901,﻿Rev.,﻿Patrick Duffy,,,,,,,,1840,,,﻿,﻿,﻿New York,NewYorkCity
﻿nyc.ny.0175,﻿church,﻿St. Peter's,English,,,,,﻿Dutchess County,﻿Poughkeepsie,﻿Poughkeepsie,﻿NY,﻿NY,41.70925078,-73.93694958,,,﻿two Sundays in a month,﻿joh_smith_902,﻿Rev.,﻿John Smith,,,,,,,,1840,"﻿https://en.wikipedia.org/wiki/Old_St._Peter%27s_Church_(Poughkeepsie,_New_York)",,﻿,﻿,﻿New York,NewYorkCity
﻿nyc.ny.0184,﻿church,not recorded,English,﻿Church not dedicated,,,,,﻿Sougartie's,,﻿NY,,42.07726802,-73.94618248,,,﻿once a month,﻿joh_smith_902,﻿Rev.,﻿John Smith,,,,,,,,1840,"﻿https://stmaryofthesnow.org/history-of-st-mary-of-the-snow ; odd case of a place close to one diocese going with another - this place is right by albany, but, according to this church history, was attached with ny around the time of the civil war",,﻿,﻿,﻿New York,NewYorkCity
﻿nyc.ny.0184,﻿church,not recorded,English,﻿Church not dedicated,,,,,﻿Roundout,,﻿NY,,42.07726802,-73.94618248,,,﻿once a month,﻿joh_smith_902,﻿Rev.,﻿John Smith,,,,,,,,1840,,,﻿,﻿,﻿New York,NewYorkCity
﻿nyc.ny.0184,﻿church,not recorded,English,﻿Church not dedicated,,,,,﻿Northwood,,﻿NY,,42.07726802,-73.94618248,,,,﻿joh_newman_901,﻿Rev. Mr.,﻿Newman,,,,,,,,1840,,,﻿,﻿,﻿New York,NewYorkCity
﻿alb.ny.9008,﻿church,﻿St. John's,English,,,,,,﻿Lockport,,﻿NY,,,,,,,﻿p_costello_901,﻿Rev.,﻿P. Costello,,,,,,,,1840,,,﻿,﻿,﻿New York,NewYorkCity
﻿alb.ny.9009,﻿church,not recorded,English,﻿Church not dedicated,,,,,﻿Medina,,﻿NY,,,,,,,﻿p_costello_901,﻿Rev.,﻿P. Costello,,,,,,,,1840,,,﻿,﻿,﻿New York,NewYorkCity
﻿buf.ny.0096,﻿church,not recorded,English,,,,,,﻿Albion,,﻿NY,,,,,,﻿occasionally,﻿p_costello_901,﻿Rev.,﻿P. Costello,,,,,,,,1840,﻿https://www.lewistonassembly.org/,,﻿,﻿,﻿New York,NewYorkCity
﻿buf.ny.0096,﻿church,not recorded,English,,﻿Niagara Falls,,,,﻿Albion,,﻿NY,,,,,,﻿occasionally,﻿p_costello_901,﻿Rev.,﻿P. Costello,,,,,,,,1840,,,﻿,﻿,﻿New York,NewYorkCity
﻿buf.ny.0084,﻿church,not recorded,English,,,,,,﻿Lewiston,,﻿NY,,,,,,﻿occasionally,﻿p_costello_901,﻿Rev.,﻿P. Costello,,,,,,,,1840,,,﻿,﻿,﻿New York,NewYorkCity
﻿alb.ny.0223,﻿church,not recorded,English,,,,,﻿Clinton County,﻿Plattsburg,﻿Plattsburg,﻿NY,﻿NY,44.69951178,-73.45885685,,,﻿alternately,﻿rooney_901,﻿Rev. Mr.,﻿Rooney,,,,,,,,1840,﻿https://holycrosspbg.org/,,﻿,﻿,﻿New York,NewYorkCity
﻿alb.ny.0223,﻿church,not recorded,English,,,,,﻿Clinton County,﻿Kuseville,﻿Plattsburg,﻿NY,,44.69951178,-73.45885685,,,﻿alternately,﻿rooney_901,﻿Rev. Mr.,﻿Rooney,,,,,,,,1840,,,﻿,﻿,﻿New York,NewYorkCity
﻿alb.ny.0234,﻿church,﻿St. Peter's,English,,,,,,﻿Rome,,﻿NY,,,,,,﻿1st and 3d Sund.,﻿wm_beecham_901,﻿Rev.,﻿Wm. Beecham,,,,,,,,1840,,,﻿,﻿,﻿New York,NewYorkCity
﻿alb.ny.0300,﻿church,﻿St. Mary's,English,,,,,,﻿Verona,,﻿NY,,43.1381455,-75.5706945,,,﻿2d and 4th Sund.,﻿wm_beecham_901,﻿Rev.,﻿Wm. Beecham,,,,,,,,1840,,,﻿,﻿,﻿New York,NewYorkCity
﻿alb.ny.0301,﻿chapel,not recorded,English,﻿Private chapel,,,,,﻿Vienna,,﻿NY,,,,,,,﻿wm_beecham_901,﻿Rev.,﻿W. Beecham,,,,,,,,1840,,,﻿,﻿,﻿New York,NewYorkCity
﻿alb.ny.0301,﻿chapel,not recorded,English,﻿Private chapel,,,,,﻿Turin,,﻿NY,,,,,,,﻿wm_beecham_901,﻿Rev.,﻿W. Beecham,,,,,,,,1840,,,﻿,﻿,﻿New York,NewYorkCity
﻿alb.ny.0113,﻿church,not recorded,English,,,,,,﻿Florence,,﻿NY,,,,,,﻿occasionally,﻿wm_beecham_901,﻿Rev.,﻿W. Beecham,,,,,,,,1840,,,﻿,﻿,﻿New York,NewYorkCity
﻿alb.ny.0113,﻿church,not recorded,English,,,,,,﻿Danville,,﻿NY,,,,,,﻿occasionally,﻿sim_sanderle_901,﻿Rev.,﻿Simon Sanderle,,,,,,,,1840,,,﻿,﻿,﻿New York,NewYorkCity
﻿alb.ny.0247,﻿chapel,﻿St. Johns,English,﻿Private chapel,,,,,﻿Schenectady,,﻿NY,,,,,,,﻿pat_mccloskey_901,﻿Rev.,﻿Patrick McCloskey,,,,,,,,1840,,,﻿,﻿,﻿New York,NewYorkCity
﻿alb.ny.0022,﻿church,not recorded,English,,,,,,﻿Amsterdam,,﻿NY,,,,,,﻿occasionally,﻿pat_mccloskey_901,﻿Rev.,﻿Patrick McCloskey,,,,,,,,1840,,,﻿,﻿,﻿New York,NewYorkCity
﻿alb.ny.0245,﻿church,not recorded,English,,,,,,﻿Saratoga,,﻿NY,,,,,,﻿occasionally,﻿pat_mccloskey_901,﻿Rev.,﻿Patrick McCloskey,,,,,,,,1840,,,﻿,﻿,﻿New York,NewYorkCity
﻿alb.ny.0245,﻿church,not recorded,English,,,,,,﻿Jonesville,,﻿NY,,,,,,﻿occasionally,﻿pat_mccloskey_901,﻿Rev.,﻿Patrick McCloskey,,,,,,,,1840,,,﻿,﻿,﻿New York,NewYorkCity
﻿alb.ny.0124,﻿church,not recorded,English,,,,,,﻿Galway,,﻿NY,,,,,,﻿occasionally,﻿pat_mccloskey_901,﻿Rev.,﻿Patrick McCloskey,,,,,,,,1840,,,﻿,﻿,﻿New York,NewYorkCity
﻿alb.ny.0277,﻿church,not recorded,English,﻿Church not dedicated,,,,,﻿Salina,﻿Salina,﻿NY,﻿NY,43.06872831,-76.15749361,,,,﻿mic_heas_901,﻿Rev.,﻿Michael Heas,,,,,,,,1840,"﻿This church is in what is today Syracuse; however, at the time, Salina appears to have had a further reach, meaning this church would've likely been part of Salina: https://www.stjohnthebaptist-holytrinity.com/about/",,﻿,﻿,﻿New York,NewYorkCity
﻿alb.ny.0277,﻿church,not recorded,English,﻿Church not dedicated,,,,,﻿Syracuse,﻿Salina,﻿NY,,43.06872831,-76.15749361,,,﻿occasionally,﻿mic_heas_901,﻿Rev.,﻿Michael Heas,,,,,,,,1840,,,﻿,﻿,﻿New York,NewYorkCity
﻿alb.ny.0175,﻿church,not recorded,English,,,,,,﻿Manlius,,﻿NY,,,,,,﻿occasionally,﻿mic_heas_901,﻿Rev.,﻿Michael Heas,,,,,,,,1840,,,﻿,﻿,﻿New York,NewYorkCity
﻿alb.ny.0225,﻿church,not recorded,English,,,,,,﻿Pompey,,﻿NY,,,,,,﻿occasionally,﻿mic_heas_901,﻿Rev.,﻿Michael Heas,,,,,,,,1840,,,﻿,﻿,﻿New York,NewYorkCity
﻿alb.ny.0225,﻿church,not recorded,English,,,,,,﻿Mexico,,﻿NY,,,,,,﻿occasionally,﻿mic_heas_901,﻿Rev.,﻿Michael Heas,,,,,,,,1840,,,﻿,﻿,﻿New York,NewYorkCity
﻿alb.ny.0202,﻿church,not recorded,English,﻿Church not dedicated,,,,,﻿Ogdensburg,,﻿NY,,44.6988279,-75.4855595,,,,﻿dav_bacon_901,﻿Rev.,﻿David Bacon,,,,,,,,1840,,,﻿,﻿,﻿New York,NewYorkCity
﻿alb.ny.0302,﻿church,not recorded,English,,,,,,﻿Waddington,,﻿NY,,44.8644999,-75.2041019,,,,﻿maguire_901,﻿Rev. Mr.,﻿Maguire,,,,,,,,1840,,,﻿,﻿,﻿New York,NewYorkCity
﻿alb.ny.0302,﻿church,not recorded,English,,,,,,﻿Flushing,,﻿NY,,40.76013678,-73.83251739,,,﻿once a month,﻿mic_curran_001,﻿Rev.,﻿Michael Curran,,,,,,,,1840,﻿https://stmichaelsflushing.org/about/history,,﻿,﻿,﻿New York,NewYorkCity
﻿bro.ny.0007,﻿church,not recorded,English,,,,,,﻿Williamsburg,﻿Brooklyn,﻿NY,,40.70964783,-73.93966508,,,﻿occasionally,﻿jam_odonnell_901,﻿Rev.,﻿James O'Donnell,,,﻿Vacant,,,,,1840,﻿https://www.trinity-stmary.org/our-historic-church,,﻿,﻿,﻿New York,NewYorkCity
﻿bro.ny.0007,﻿church,not recorded,English,﻿Church not dedicated,,,,,﻿Hunter,﻿Brooklyn,﻿NY,,40.70964783,-73.93966508,,,,﻿ber_ofarrell_901,﻿Rev.,﻿Bernard O'Farrell,,,,,,,,1840,,,﻿,﻿,﻿New York,NewYorkCity
﻿nyc.ny.0186,﻿church,not recorded,English,﻿Church not dedicated,﻿Sing Sing,,,,,,﻿NY,,41.151667,-73.868889,,,,﻿jam_cummiskey_901,﻿Rev.,﻿J. Cummiskey,,,,,,,,1840,,﻿https://en.wikipedia.org/wiki/Sing_Sing,﻿,﻿,﻿New York,NewYorkCity
﻿nyc.ny.0186,﻿church,not recorded,English,﻿Church not dedicated,﻿Sing Sing,,,,﻿Yonkers,,﻿NY,,41.151667,-73.868889,,,,﻿jam_cummiskey_901,﻿Rev.,﻿J. Cummiskey,,,,,,,,1840,,,﻿,﻿,﻿New York,NewYorkCity
﻿nyc.ny.0162,﻿church,not recorded,English,﻿Church unfinished,﻿Staten Island,,,,,,﻿NY,,40.64716758,-74.0848295,,,,﻿madranno_901,﻿Rev. Mr.,﻿Madranno,,,,,,,,1840,,﻿https://en.wikipedia.org/wiki/St._Peter%27s_Church_(Staten_Island) ; https://stpetersi.com/,﻿,﻿,﻿New York,NewYorkCity
﻿nyc.ny.0162,﻿church,not recorded,English,﻿Church not dedicated,﻿Staten Island,,,,﻿Sagharbour,,﻿NY,,40.64716758,-74.0848295,,,﻿occasionally,﻿jam_cummiskey_901,﻿Rev.,﻿James Cummiskey,,,,,,,,1840,,,﻿,﻿,﻿New York,NewYorkCity
﻿nyc.ny.0162,﻿church,not recorded,English,﻿Church not dedicated,﻿Staten Island,,,,﻿Jamaica,,﻿NY,,40.64716758,-74.0848295,﻿bro.ny.0001,﻿from Brooklyn,﻿occasionally,,,,,,,,,,,1840,,,﻿,﻿,﻿New York,NewYorkCity
﻿alb.ny.0144,﻿church,not recorded,English,,,,,,﻿Hudson,,﻿NY,,42.3678759,-73.5594128,,,﻿once a month,﻿pat_bradley_901,﻿Rev.,﻿Patrick Bradley,,,,,,,,1840,,,﻿,﻿,﻿New York,NewYorkCity
﻿alb.ny.0144,﻿church,not recorded,English,,,,,,﻿Cape Vincent,,﻿NY,,42.3678759,-73.5594128,,,,﻿fra_guth_901,﻿Rev.,﻿Francis Guth,,,,,,,,1840,,,﻿,﻿,﻿New York,NewYorkCity
﻿alb.ny.0144,﻿church,not recorded,English,,﻿French Creek,,,,﻿Cape Vincent,,﻿NY,,42.3678759,-73.5594128,,,,﻿fra_guth_901,﻿Rev.,﻿Francis Guth,,,,,,,,1840,,,﻿,﻿,﻿New York,NewYorkCity
﻿alb.ny.0144,﻿church,not recorded,English,,﻿Leraysville,,,,﻿Cape Vincent,,﻿NY,,42.3678759,-73.5594128,,,,﻿fra_guth_901,﻿Rev.,﻿Francis Guth,,,,,,,,1840,,,﻿,﻿,﻿New York,NewYorkCity
﻿new.nj.0003,﻿church,﻿St. John's,English,,,,,,﻿Newark,,﻿NJ,,,,,,﻿every Sunday,﻿pat_moran_001,﻿Rev.,﻿Patrick Moran,,,,,,,,1840,,,﻿,﻿,﻿New York,NewYorkCity
﻿new.nj.9002,﻿church,﻿St. John's,English,,,,,,﻿Patterson,,﻿NJ,,,,,,,﻿phi_oreilly_901,﻿Rev.,﻿Philip O'Reilly,,,,,,,,1840,,,﻿,﻿,﻿New York,NewYorkCity
﻿new.nj.0048,﻿church,﻿St. Peter's,English,,,,,,﻿Jersey City,,﻿NJ,,,,,,,﻿hug_mohan_902,﻿Rev.,﻿Hugh Mohan,,,,,,,,1840,,,﻿,﻿,﻿New York,NewYorkCity
﻿new.nj.0013,﻿church,﻿St. Paul's,English,,,,,,﻿Belleville,,﻿NJ,,,,,,,﻿ber_mcardle_901,﻿Rev.,﻿Bernard McArdle,,,,,,,,1840,,,﻿,﻿,﻿New York,NewYorkCity
﻿new.nj.9001,﻿church,﻿St. John's,English,,,,,,﻿Madison,,﻿NJ,,,,,,,﻿newell_901,﻿Rev. Mr.,﻿Newell,,,,,,,,1840,,,﻿,﻿,﻿New York,NewYorkCity
﻿new.nj.0067,﻿church,not recorded,English,﻿church not dedicated,,,,,﻿N. Brunswick,,﻿NJ,,40.4862157,-74.4518188,,,﻿occasionally,﻿madranno_901,﻿Rev. Mr.,﻿Madranno,,,,,,,,1840,,,﻿,﻿,﻿New York,NewYorkCity
﻿new.nj.0095,﻿church,not recorded,English,,,,,,﻿South Amboy,,﻿NJ,,,,,,﻿occasionally,﻿madranno_901,﻿Rev. Mr.,﻿Madranno,,,,,,,,1840,,,﻿,﻿,﻿New York,NewYorkCity
﻿new.nj.0095,﻿seminary,﻿St. Vincent of Paul's Seminary,English,,,,﻿Jefferson County,,﻿Lafargeville,,﻿NY,,,,,,,,,,,,,﻿student,﻿9 theological students,,,1840,,,﻿,﻿,﻿New York,NewYorkCity
﻿nyc.ny.9013,﻿school,﻿St. Mary's Select School for Young Ladies,English,,﻿No. 415 Grand Street,,,,﻿New York,,﻿NY,,,,,,,,,,,,,﻿religious,﻿5 sisters,﻿Sisters of Charity,,1840,,,﻿,﻿,﻿New York,NewYorkCity
﻿nyc.ny.9013,﻿school,﻿St. Mary's Select School for Young Ladies,English,,﻿No. 415 Grand Street,,,,﻿New York,,﻿NY,,,,,,,,,,,,,﻿child,﻿about 60 young ladies,﻿Sisters of Charity,,1840,,,﻿,﻿,﻿New York,NewYorkCity
﻿nyc.ny.9013,﻿school,﻿St. Mary's Select School for Young Ladies,English,,﻿No. 415 Grand Street,,,,﻿New York,,﻿NY,,,,,,,,,,,,,﻿poor child,﻿five to seven hundred poor children,﻿Sisters of Charity,,1840,,,﻿,﻿,﻿New York,NewYorkCity
﻿nyc.ny.9014,﻿school,﻿St. Joseph's School for Young Ladies,English,,﻿No. 23 Oliver Street,,,,﻿New York,,﻿NY,,,,,,,,,,,,,﻿religious,﻿5 sisters,﻿Sisters of Charity,,1840,,,﻿,﻿,﻿New York,NewYorkCity
﻿nyc.ny.0041_04&_05,﻿asylum,﻿Roman Catholic Asylum,English,,,,,,﻿New York,﻿New York City,﻿NY,,,,,,,,,,,,,﻿religious,﻿12 sisters,﻿Sisters of Charity,,1840,,,﻿,﻿,﻿New York,NewYorkCity
﻿nyc.ny.0041_04&_05,﻿asylum,﻿Roman Catholic Asylum,English,,,,,,﻿New York,﻿New York City,﻿NY,,,,,,,,,,,,,﻿orphans,﻿200,﻿Sisters of Charity,,1840,,,﻿,﻿,﻿New York,NewYorkCity
﻿nyc.ny.9011,﻿asylum,﻿Roman Catholic Half-Orphan Asylum,English,,,,,,﻿New York,,﻿NY,,,,,,,,,,,,,﻿religious,﻿five sisters,﻿Sisters of Charity,,1840,﻿https://www.nycago.org/Organs/Brx/html/RCOrphanAsylum.html,,﻿,﻿,﻿New York,NewYorkCity
﻿nyc.ny.9011,﻿asylum,﻿Roman Catholic Half-Orphan Asylum,English,,,,,,﻿New York,,﻿NY,,,,,,,,,,,,,﻿orphans,﻿60 orphans,﻿Sisters of Charity,,1840,,,﻿,﻿,﻿New York,NewYorkCity
﻿nyc.ny.0041_02&_03,﻿free school,﻿St. Patrick's Free School,English,,,,,,﻿New York,,﻿NY,,,,,,,,,,,,,﻿religious,﻿two sisters,﻿Sisters of Charity,,1840,,,﻿,﻿,﻿New York,NewYorkCity
﻿nyc.ny.0041_02&_03,﻿free school,﻿St. Patrick's Free School,English,,,,,,﻿New York,,﻿NY,,,,,,,,,,,,,﻿children,﻿from 800 to 1000 children,﻿Sisters of Charity,,1840,,,﻿,﻿,﻿New York,NewYorkCity
﻿nyc.ny.0042_92,﻿free school,﻿St. Peter's Free School,English,,,,,,﻿New York,,﻿NY,,,,,,,,,,,,,﻿religious,﻿3 sisters,﻿Sisters of Charity,,1840,,,﻿,﻿,﻿New York,NewYorkCity
﻿nyc.ny.0042_92,﻿free school,﻿St. Peter's Free School,English,,,,,,﻿New York,,﻿NY,,,,,,,,,,,,,﻿children,﻿from five to seven hundred children,﻿Sisters of Charity,,1840,,,﻿,﻿,﻿New York,NewYorkCity
﻿nyc.ny.0042_92,﻿free school,﻿St. James' Free School,English,,,,,,﻿New York,,﻿NY,,,,,,,,,,,,,﻿children,﻿about five to seven hundred children,﻿Sisters of Charity,,1840,,,﻿,﻿,﻿New York,NewYorkCity
﻿nyc.ny.0042_92,﻿free school,﻿St. James' Free School,English,,,,,,﻿New York,,﻿NY,,,,,,,,,,,,,﻿religious,﻿Two sisters,﻿Sisters of Charity,,1840,,,﻿,﻿,﻿New York,NewYorkCity
﻿nyc.ny.0042_92,﻿free school,﻿St. Nicholas' German Free School,English,,,,,,﻿New York,,﻿NY,,,,,,,,,,,,,﻿children,﻿between 80 and 100 German children,﻿Sisters of Charity,,1840,,,﻿,﻿,﻿New York,NewYorkCity
﻿nyc.ny.0046_02,﻿free school,not recorded,English,﻿attached to the church of the Transfiguration,,,,,,,﻿NY,,,,,,,,,,,,,,,,,1840,,,﻿,﻿,﻿New York,NewYorkCity
﻿nyc.ny.0052_02,﻿free school,not recorded,English,﻿attached to St. Joseph's church,,,,,,,,,,,,,,,,,,,,,,,,1840,,,﻿,﻿,﻿New York,NewYorkCity
﻿bro.ny.0079,﻿asylum,﻿St. Mary's Asylum,English,,,,,,﻿Brooklyn,,﻿NY,,,,,,,,,,,,,﻿religious,﻿4 sisters,﻿Sisters of Charity,,1840,,,﻿,﻿,﻿New York,NewYorkCity
﻿bro.ny.0079,﻿asylum,﻿St. Mary's Asylum,English,,,,,,﻿Brooklyn,,﻿NY,,,,,,,,,,,,,﻿orphans,﻿18 orphans,﻿Sisters of Charity,,1840,,,﻿,﻿,﻿New York,NewYorkCity
﻿bro.ny.0079,﻿free school,﻿St. James' Free School,English,,,,,,﻿Brooklyn,,﻿NY,,,,,,,,,,,,,﻿children,﻿from two to four hundred children,﻿Sisters of Charity,,1840,,,﻿,﻿,﻿New York,NewYorkCity
﻿bro.ny.0079,﻿free school,﻿St. Paul's Free School,English,,,,,,﻿Brooklyn,,﻿NY,,,,,,,,,,,,,﻿children,﻿about 150 children,﻿Sisters of Charity,,1840,,,﻿,﻿,﻿New York,NewYorkCity
﻿alb.ny.0336_91,﻿asylum,﻿St. Joseph's Asylum,English,,,,,,﻿Albany,,﻿NY,,,,,,,,,,,,,﻿religious,﻿4 sisters,﻿Sisters of Charity,,1840,,,﻿,﻿,﻿New York,NewYorkCity
﻿alb.ny.0336_91,﻿asylum,﻿St. Joseph's Asylum,English,,,,,,﻿Albany,,﻿NY,,,,,,,,,,,,,﻿orphans,﻿25 orphans,﻿Sisters of Charity,,1840,,,﻿,﻿,﻿New York,NewYorkCity
﻿alb.ny.0336_02,﻿day school,﻿St. Joseph's Day School,English,,,,,,﻿Albany,,﻿NY,,,,,,,,,,,,,﻿religious,﻿4 sisters,﻿Sisters of Charity,,1840,,,﻿,﻿,﻿New York,NewYorkCity
﻿alb.ny.0336_02,﻿day school,﻿St. Joseph's Day School,English,,,,,,﻿Albany,,﻿NY,,,,,,,,,,,,,﻿children,﻿from 180 to 200 children,﻿Sisters of Charity,,1840,,,﻿,﻿,﻿New York,NewYorkCity
﻿alb.ny.0343,﻿female orphan asylum,﻿St. John's Female Orphan Asylum,English,,,,,,﻿Utica,,﻿NY,,,,,,,,,,,,,﻿religious,﻿four Sisters,﻿Sisters of Charity,,1840,,,﻿,﻿,﻿New York,NewYorkCity
﻿alb.ny.0343,﻿female orphan asylum,﻿St. John's Female Orphan Asylum,English,,,,,,﻿Utica,,﻿NY,,,,,,,,,,,,,﻿orphans,﻿13 orphans,﻿Sisters of Charity,,1840,,,﻿,﻿,﻿New York,NewYorkCity
﻿alb.ny.0330,﻿free school,﻿St. John's Free School,English,,,,,,﻿Utica,,﻿NY,,,,,,,,,,,,,﻿religious,﻿four Sisters,﻿Sisters of Charity,,1840,,,﻿,﻿,﻿New York,NewYorkCity
﻿alb.ny.0330,﻿free school,﻿St. John's Free School,English,,,,,,﻿Utica,,﻿NY,,,,,,,,,,,,,﻿pupils,﻿about 90 pupils,﻿Sisters of Charity,,1840,,,﻿,﻿,﻿New York,NewYorkCity
